,Feature,Desc.,Count,% of Missing,Card.,Min.,Q1,Median,Q3,Max.,Mean,Std. Dev.,Notes
0,DURATION,,1211,0.0,983,232,717.5,1168.0,1881.5,45050,1698.9322873658134,2354.9876784516605,
1,DEMOGRAPHIC3,,1211,0.0,80,1924,1971.0,1982.0,1990.0,2010,1979.1709331131296,15.84192619261359,
2,ELDERLYCARE1_1,,331,72.66721717588769,30,0.0,1.0,1.0,2.0,9867436378.0,29811439.380664654,542363329.3436106,
